{
    "openapi": "3.0.0",
    "info": {
      "title": "API Admin",
      "version": "1.0.0",
      "description": "API untuk mengelola data admin dengan metode CRUD"
    },
    "servers": [
      {
        "url": "http://localhost:8080/api/admin"
      }
    ],
    "paths": {
      "/": {
        "post": {
          "summary": "Create Admin",
          "requestBody": {
            "required": true,
            "content": {
              "application/json": {
                "schema": {
                  "$ref": "#/components/schemas/Admin"
                }
              }
            }
          },
          "responses": {
            "201": {
              "description": "Admin berhasil dibuat",
              "content": {
                "application/json": {
                  "schema": {
                    "$ref": "#/components/schemas/Admin"
                  }
                }
              }
            },
            "400": {
              "description": "Permintaan tidak valid"
            }
          }
        },
        "get": {
          "summary": "Get All Admin",
          "responses": {
            "200": {
              "description": "Daftar semua admin",
              "content": {
                "application/json": {
                  "schema": {
                    "type": "array",
                    "items": {
                      "$ref": "#/components/schemas/Admin"
                    }
                  }
                }
              }
            }
          }
        }
      },
      "/{id}": {
        "get": {
          "summary": "Get Admin by ID",
          "parameters": [
            {
              "name": "id",
              "in": "path",
              "required": true,
              "schema": {
                "type": "integer"
              }
            }
          ],
          "responses": {
            "200": {
              "description": "Informasi admin",
              "content": {
                "application/json": {
                  "schema": {
                    "$ref": "#/components/schemas/Admin"
                  }
                }
              }
            },
            "404": {
              "description": "Admin tidak ditemukan"
            }
          }
        },
        "put": {
          "summary": "Update Admin",
          "parameters": [
            {
              "name": "id",
              "in": "path",
              "required": true,
              "schema": {
                "type": "integer"
              }
            }
          ],
          "requestBody": {
            "required": true,
            "content": {
              "application/json": {
                "schema": {
                  "$ref": "#/components/schemas/Admin"
                }
              }
            }
          },
          "responses": {
            "200": {
              "description": "Admin berhasil diperbarui",
              "content": {
                "application/json": {
                  "schema": {
                    "$ref": "#/components/schemas/Admin"
                  }
                }
              }
            },
            "400": {
              "description": "Permintaan tidak valid"
            },
            "404": {
              "description": "Admin tidak ditemukan"
            }
          }
        },
        "delete": {
          "summary": "Delete Admin",
          "parameters": [
            {
              "name": "id",
              "in": "path",
              "required": true,
              "schema": {
                "type": "integer"
              }
            }
          ],
          "responses": {
            "200": {
              "description": "Admin berhasil dihapus"
            },
            "404": {
              "description": "Admin tidak ditemukan"
            }
          }
        }
      }
    },
    "components": {
      "schemas": {
        "Admin": {
          "type": "object",
          "properties": {
            "id": {
              "type": "integer",
              "readOnly": true
            },
            "nama": {
              "type": "string"
            },
            "email": {
              "type": "string"
            },
            "password": {
              "type": "string"
            }
          }
        }
      }
    }
  }
  