{
    "openapi": "3.0.0",
    "info": {
      "title": "API Catatan",
      "version": "1.0.0",
      "description": "API untuk mengelola catatan dengan metode CRUD"
    },
    "servers": [
      {
        "url": "http://localhost:8080/api/catatan"
      }
    ],
    "paths": {
      "/": {
        "post": {
          "summary": "Create Catatan",
          "requestBody": {
            "required": true,
            "content": {
              "application/json": {
                "schema": {
                  "$ref": "#/components/schemas/Catatan"
                }
              }
            }
          },
          "responses": {
            "201": {
              "description": "Catatan berhasil dibuat",
              "content": {
                "application/json": {
                  "schema": {
                    "$ref": "#/components/schemas/Catatan"
                  }
                }
              }
            },
            "400": {
              "description": "Permintaan tidak valid"
            }
          }
        },
        "get": {
          "summary": "Get All Catatan",
          "responses": {
            "200": {
              "description": "Daftar semua catatan",
              "content": {
                "application/json": {
                  "schema": {
                    "type": "array",
                    "items": {
                      "$ref": "#/components/schemas/Catatan"
                    }
                  }
                }
              }
            }
          }
        }
      },
      "/{id}": {
        "get": {
          "summary": "Get Catatan by ID",
          "parameters": [
            {
              "name": "id",
              "in": "path",
              "required": true,
              "schema": {
                "type": "integer"
              }
            }
          ],
          "responses": {
            "200": {
              "description": "Informasi catatan",
              "content": {
                "application/json": {
                  "schema": {
                    "$ref": "#/components/schemas/Catatan"
                  }
                }
              }
            },
            "404": {
              "description": "Catatan tidak ditemukan"
            }
          }
        },
        "put": {
          "summary": "Update Catatan",
          "parameters": [
            {
              "name": "id",
              "in": "path",
              "required": true,
              "schema": {
                "type": "integer"
              }
            }
          ],
          "requestBody": {
            "required": true,
            "content": {
              "application/json": {
                "schema": {
                  "$ref": "#/components/schemas/Catatan"
                }
              }
            }
          },
          "responses": {
            "200": {
              "description": "Catatan berhasil diperbarui",
              "content": {
                "application/json": {
                  "schema": {
                    "$ref": "#/components/schemas/Catatan"
                  }
                }
              }
            },
            "400": {
              "description": "Permintaan tidak valid"
            },
            "404": {
              "description": "Catatan tidak ditemukan"
            }
          }
        },
        "delete": {
          "summary": "Delete Catatan",
          "parameters": [
            {
              "name": "id",
              "in": "path",
              "required": true,
              "schema": {
                "type": "integer"
              }
            }
          ],
          "responses": {
            "200": {
              "description": "Catatan berhasil dihapus"
            },
            "404": {
              "description": "Catatan tidak ditemukan"
            }
          }
        }
      }
    },
    "components": {
      "schemas": {
        "Catatan": {
          "type": "object",
          "properties": {
            "id": {
              "type": "integer",
              "readOnly": true
            },
            "judul": {
              "type": "string"
            },
            "deskripsi": {
              "type": "string"
            },
            "tanggal": {
              "type": "string",
              "format": "date"
            }
          }
        }
      }
    }
  }
  