{
    "openapi": "3.0.0",
    "info": {
      "title": "API Karyawan",
      "version": "1.0.0",
      "description": "API untuk mengelola data karyawan dengan metode CRUD"
    },
    "servers": [
      {
        "url": "http://localhost:8080/api/karyawan"
      }
    ],
    "paths": {
      "/": {
        "post": {
          "summary": "Create Karyawan",
          "requestBody": {
            "required": true,
            "content": {
              "application/json": {
                "schema": {
                  "$ref": "#/components/schemas/Karyawan"
                }
              }
            }
          },
          "responses": {
            "201": {
              "description": "Karyawan berhasil dibuat",
              "content": {
                "application/json": {
                  "schema": {
                    "$ref": "#/components/schemas/Karyawan"
                  }
                }
              }
            },
            "400": {
              "description": "Permintaan tidak valid"
            }
          }
        },
        "get": {
          "summary": "Get All Karyawan",
          "responses": {
            "200": {
              "description": "Daftar semua karyawan",
              "content": {
                "application/json": {
                  "schema": {
                    "type": "array",
                    "items": {
                      "$ref": "#/components/schemas/Karyawan"
                    }
                  }
                }
              }
            }
          }
        }
      },
      "/{id}": {
        "get": {
          "summary": "Get Karyawan by ID",
          "parameters": [
            {
              "name": "id",
              "in": "path",
              "required": true,
              "schema": {
                "type": "integer"
              }
            }
          ],
          "responses": {
            "200": {
              "description": "Informasi karyawan",
              "content": {
                "application/json": {
                  "schema": {
                    "$ref": "#/components/schemas/Karyawan"
                  }
                }
              }
            },
            "404": {
              "description": "Karyawan tidak ditemukan"
            }
          }
        },
        "put": {
          "summary": "Update Karyawan",
          "parameters": [
            {
              "name": "id",
              "in": "path",
              "required": true,
              "schema": {
                "type": "integer"
              }
            }
          ],
          "requestBody": {
            "required": true,
            "content": {
              "application/json": {
                "schema": {
                  "$ref": "#/components/schemas/Karyawan"
                }
              }
            }
          },
          "responses": {
            "200": {
              "description": "Karyawan berhasil diperbarui",
              "content": {
                "application/json": {
                  "schema": {
                    "$ref": "#/components/schemas/Karyawan"
                  }
                }
              }
            },
            "400": {
              "description": "Permintaan tidak valid"
            },
            "404": {
              "description": "Karyawan tidak ditemukan"
            }
          }
        },
        "delete": {
          "summary": "Delete Karyawan",
          "parameters": [
            {
              "name": "id",
              "in": "path",
              "required": true,
              "schema": {
                "type": "integer"
              }
            }
          ],
          "responses": {
            "200": {
              "description": "Karyawan berhasil dihapus"
            },
            "404": {
              "description": "Karyawan tidak ditemukan"
            }
          }
        }
      }
    },
    "components": {
      "schemas": {
        "Karyawan": {
          "type": "object",
          "properties": {
            "id": {
              "type": "integer",
              "readOnly": true
            },
            "nama": {
              "type": "string"
            },
            "posisi": {
              "type": "string"
            },
            "gaji": {
              "type": "number"
            }
          }
        }
      }
    }
  }
  