{
    "openapi": "3.0.0",
    "info": {
      "title": "API Sumber",
      "version": "1.0.0",
      "description": "API untuk mengelola data sumber dengan metode CRUD"
    },
    "servers": [
      {
        "url": "http://localhost:8080/api/sumber"
      }
    ],
    "paths": {
      "/": {
        "post": {
          "summary": "Create Sumber",
          "requestBody": {
            "required": true,
            "content": {
              "application/json": {
                "schema": {
                  "$ref": "#/components/schemas/Sumber"
                }
              }
            }
          },
          "responses": {
            "201": {
              "description": "Sumber berhasil dibuat",
              "content": {
                "application/json": {
                  "schema": {
                    "$ref": "#/components/schemas/Sumber"
                  }
                }
              }
            },
            "400": {
              "description": "Permintaan tidak valid"
            }
          }
        },
        "get": {
          "summary": "Get All Sumber",
          "responses": {
            "200": {
              "description": "Daftar semua sumber",
              "content": {
                "application/json": {
                  "schema": {
                    "type": "array",
                    "items": {
                      "$ref": "#/components/schemas/Sumber"
                    }
                  }
                }
              }
            }
          }
        }
      },
      "/{id}": {
        "get": {
          "summary": "Get Sumber by ID",
          "parameters": [
            {
              "name": "id",
              "in": "path",
              "required": true,
              "schema": {
                "type": "integer"
              }
            }
          ],
          "responses": {
            "200": {
              "description": "Informasi sumber",
              "content": {
                "application/json": {
                  "schema": {
                    "$ref": "#/components/schemas/Sumber"
                  }
                }
              }
            },
            "404": {
              "description": "Sumber tidak ditemukan"
            }
          }
        },
        "put": {
          "summary": "Update Sumber",
          "parameters": [
            {
              "name": "id",
              "in": "path",
              "required": true,
              "schema": {
                "type": "integer"
              }
            }
          ],
          "requestBody": {
            "required": true,
            "content": {
              "application/json": {
                "schema": {
                  "$ref": "#/components/schemas/Sumber"
                }
              }
            }
          },
          "responses": {
            "200": {
              "description": "Sumber berhasil diperbarui",
              "content": {
                "application/json": {
                  "schema": {
                    "$ref": "#/components/schemas/Sumber"
                  }
                }
              }
            },
            "400": {
              "description": "Permintaan tidak valid"
            },
            "404": {
              "description": "Sumber tidak ditemukan"
            }
          }
        },
        "delete": {
          "summary": "Delete Sumber",
          "parameters": [
            {
              "name": "id",
              "in": "path",
              "required": true,
              "schema": {
                "type": "integer"
              }
            }
          ],
          "responses": {
            "200": {
              "description": "Sumber berhasil dihapus"
            },
            "404": {
              "description": "Sumber tidak ditemukan"
            }
          }
        }
      }
    },
    "components": {
      "schemas": {
        "Sumber": {
          "type": "object",
          "properties": {
            "id": {
              "type": "integer",
              "readOnly": true
            },
            "nama": {
              "type": "string"
            },
            "deskripsi": {
              "type": "string"
            }
          }
        }
      }
    }
  }
  